,,
기분 전환 음악,[Playlist] 기분전환이 필요해? 그렇다면 커몽 l 노래모음 플레이리스트,https://www.youtube.com/watch?v=SOzuW4fCoQc&pp=ygUU6riw67aEIOyghO2ZmCDsnYzslYU%3D
기분 전환 음악,[ 𝐏𝐥𝐚𝐲𝐥𝐢𝐬𝐭 ] 기분전환하기 좋은 팝송 플레이리스트,https://www.youtube.com/watch?v=VMeicYoYEGo&pp=ygUU6riw67aEIOyghO2ZmCDsnYzslYU%3D
기분 전환 음악,조용한 기분 전환 사운드,https://www.youtube.com/watch?v=bCTX4cT4ULo&pp=ygUU6riw67aEIOyghO2ZmCDsnYzslYU%3D
기분 전환 음악,산책과 조깅하면서 들을수 있는음악#기분전환음악#조깅음악#산책음악 3,https://www.youtube.com/watch?v=2ZF5PSIGTEc&pp=ygUU6riw67aEIOyghO2ZmCDsnYzslYU%3D
기분 전환 음악,기분 좋아지는 밝은 음악 모음 :) #경쾌한 #감성 #피아노 #기분전환 #독서 #휴식,https://www.youtube.com/watch?v=ImQ1uPJ_Nfc&pp=ygUU6riw67aEIOyghO2ZmCDsnYzslYU%3D
댄스 비트 음악,아트비트 (여자)아이들 - Nxde 커버댄스 직캠,https://www.youtube.com/watch?v=ctEHjm2Cbqk&pp=ygUU64yE7IqkIOu5hO2KuCDsnYzslYU%3D
댄스 비트 음악,[AB] 뉴진스 NewJeans - Supernatural | 커버댄스 Dance Cover | Performance film,https://www.youtube.com/watch?v=JaSSX3cA1eM&pp=ygUU64yE7IqkIOu5hO2KuCDsnYzslYU%3D
댄스 비트 음악,[KPOP IN PUBLIC] NCT DREAM (엔시티 드림) - 'Beatbox (비트박스)' Dance Cover | 댄스동아리 UCDC DANCE SHOWCASE,https://www.youtube.com/watch?v=WnFknoGYzNo&pp=ygUU64yE7IqkIOu5hO2KuCDsnYzslYU%3D
댄스 비트 음악,[방구석 여기서요?] NCT127 - Cherry Bomb | 커버댄스 DANCE COVER,https://www.youtube.com/watch?v=c8dwwnvuCPg&pp=ygUU64yE7IqkIOu5hO2KuCDsnYzslYU%3D
댄스 비트 음악,[BGM] 강렬한 드럼비트의 BGM [무료음악/무료브금/무료BGM/Royalty Free Music],https://www.youtube.com/watch?v=llVqT9agC7E&pp=ygUU64yE7IqkIOu5hO2KuCDsnYzslYU%3D
따뜻한 발라드,따뜻한 차한잔에 달콤한 최신 발라드 5,https://www.youtube.com/watch?v=dgCJBuCmXBM&pp=ygUT65Sw65y77ZWcIOuwnOudvOuTnA%3D%3D
따뜻한 발라드,𝐏𝐥𝐚𝐲𝐥𝐢𝐬𝐭 | 작정하고 선곡한 겨울발라드 ㅣ 군고구마감성,https://www.youtube.com/watch?v=OeqJg-tBeH4&pp=ygUT65Sw65y77ZWcIOuwnOudvOuTnA%3D%3D
따뜻한 발라드,[감동주의] 시청자를 감동시킨 위로의 한마디 #shorts,https://www.youtube.com/shorts/zPROKYv22Mg
따뜻한 발라드,[MV] Paul Kim(폴킴) _ Me After You(너를 만나),https://www.youtube.com/watch?v=YBzJ0jmHv-4&pp=ygUT65Sw65y77ZWcIOuwnOudvOuTnA%3D%3D
따뜻한 발라드,편안하게 들을 수 있는 발라드 일할 때 듣기 좋은 곡 모음,https://www.youtube.com/watch?v=8PhzskQ7OcI&pp=ygUT65Sw65y77ZWcIOuwnOudvOuTnA%3D%3D
명상 음악,스트레스 해소 명상음악) 물라만트라 by noel. moolamantra,https://www.youtube.com/watch?v=8Wq9MTNJRw8&pp=ygUN66qF7IOBIOydjOyVhQ%3D%3D
명상 음악,"틀어놓고 주무세요, 돈이 쏟아집니다온 우주의 엄청난 대운이 나에게 찾아옵니다",https://www.youtube.com/watch?v=i7C3u0qiUpI&pp=ygUN66qF7IOBIOydjOyVhQ%3D%3D
명상 음악,"참 신기하다! 생각이 사라지고 머리가 정화되며 마음이 편안해지는 음악- 자연치유명상음악 (조용한 피아노, 물소리, 새소리, 명상의시간) Meditation MUSIC",https://www.youtube.com/watch?v=50j0kF9DCu8&pp=ygUN66qF7IOBIOydjOyVhQ%3D%3D
명상 음악,"잠에 들며 공황장애, 불안장애의 치유를 돕는 수면 명상가이드, 하루 1번씩 들으며 공황장애, 불안증 극복하는 훈련! [BSM Level 2 - 정서 안정 및 잠재의식 치유]",https://www.youtube.com/watch?v=zAIZpNbYytI&pp=ygUN66qF7IOBIOydjOyVhQ%3D%3D
명상 음악,명상이 필요할 때 10분 명상 가이드,https://www.youtube.com/watch?v=yiysD0Jl2Wo&pp=ygUN66qF7IOBIOydjOyVhQ%3D%3D
모티베이션 음악,"운동 자극, 동기 부여, 운동할 때 듣는 신나는 음악, 광고X",https://www.youtube.com/watch?v=SpCBnGXWeYc&pp=ygUW66qo7Yuw67Kg7J207IWYIOydjOyVhQ%3D%3D
모티베이션 음악,[브금브금] 동기부여음악 지치고 힘들다면 한번 들어보세요 작게나마 힘이되어 드리겠습니다.,https://www.youtube.com/watch?v=j37BhzXOeNE&pp=ygUW66qo7Yuw67Kg7J207IWYIOydjOyVhQ%3D%3D
모티베이션 음악,"Workout Motivation music 운동할때 듣는 음악 헬스음악, 헬스장 음악, 운동자극노래, 운동 1",https://www.youtube.com/watch?v=sgElqt0U2rg&pp=ygUW66qo7Yuw67Kg7J207IWYIOydjOyVhQ%3D%3D
모티베이션 음악,"운동 자극, 동기 부여, 운동할 때 듣는 신나는 음악, 광고X",https://www.youtube.com/watch?v=SpCBnGXWeYc&pp=ygUW66qo7Yuw67Kg7J207IWYIOydjOyVhQ%3D%3D
모티베이션 음악,zindagi ki raho meshort#emotionalstatus#like#motivation #garib#like#youtube#sadsong #varilshorts,https://www.youtube.com/shorts/S6YTbFoNm9M
목욕할 때 듣기 좋은 노래,아이의 상상력을 자극하는 귀여운 음악 모음 • Relax Music,https://www.youtube.com/watch?v=P6Ble8xQzlc&pp=ygUi66qp7JqV7ZWgIOuVjCDrk6PquLAg7KKL7J2AIOuFuOuemA%3D%3D
목욕할 때 듣기 좋은 노래,동글동글 통통 놀이 음악 [3시간] happy play time,https://www.youtube.com/watch?v=8HkyoGOjN7o&pp=ygUi66qp7JqV7ZWgIOuVjCDrk6PquLAg7KKL7J2AIOuFuOuemA%3D%3D
목욕할 때 듣기 좋은 노래,𝙋𝙇𝘼𝙔𝙇𝙄𝙎𝙏 . 주인장이 보장하는 토요일 아침 상쾌한 띵곡 팝송 모음,https://www.youtube.com/watch?v=jDRXjzrhlno&pp=ygUi66qp7JqV7ZWgIOuVjCDrk6PquLAg7KKL7J2AIOuFuOuemA%3D%3D
목욕할 때 듣기 좋은 노래,"[𝑷𝑶𝑷] 재택근무,야근할 떄 듣기 좋은 POP 노래모음 (work music)",https://www.youtube.com/watch?v=NZ_GFNjL8Xw&pp=ygUi66qp7JqV7ZWgIOuVjCDrk6PquLAg7KKL7J2AIOuFuOuemA%3D%3D
목욕할 때 듣기 좋은 노래,[더이누스사운드] Track 2. 민트 스퀘어 #클래식기타 #목욕할때듣는노래 #playlist,https://www.youtube.com/watch?v=G-OzFQQ87LM&pp=ygUi66qp7JqV7ZWgIOuVjCDrk6PquLAg7KKL7J2AIOuFuOuemA%3D%3D
무기력 극복 음악,힘들었던 순간마다 나를 위로해주는 명대사들,https://www.youtube.com/watch?v=0ZHqB7Fplu0&pp=ygUX66y06riw66ClIOq3ueuztSDsnYzslYU%3D
무기력 극복 음악,아무것도 두려워 말라 Don't Be Afraid,https://www.youtube.com/watch?v=TESi4iLJzWw&pp=ygUX66y06riw66ClIOq3ueuztSDsnYzslYU%3D
무기력 극복 음악,"k-pop, 손방일 / 결정장애",https://www.youtube.com/watch?v=Jdyu9v7uN1Q&pp=ygUX66y06riw66ClIOq3ueuztSDsnYzslYU%3D
무기력 극복 음악,누구나 불안하지만 분명 누구나 극복합니다. 불안장애 극복방법 알기 | 박서희 정신과의사,https://www.youtube.com/watch?v=fMygYb9njvI&pp=ygUX66y06riw66ClIOq3ueuztSDsnYzslYU%3D
무기력 극복 음악,PLayLiST 긍정 에너지 뿜뿜! 새롭게 시작할때 필요한 희망노래 플레이리스트 | 지치고 힘들때 꿈과 희망을 주는 긍정노래 새해노래 모음,https://www.youtube.com/watch?v=Tg8b2DSJmbo&pp=ygUX66y06riw66ClIOq3ueuztSDsnYzslYU%3D
불면증 음악,천둥 번개 빗소리 - 1시간 깊은 수면 불면증 개선 잠 잘오는 빗소리,https://www.youtube.com/watch?v=acYH78c5tuQ&pp=ygUQ67aI66m07KadIOydjOyVhQ%3D%3D
불면증 음악,"평온하게 잠드는 수면음악, 잠잘 때 듣는 음악, 불면증 치료 음악, 스트레스 해소 음악",https://www.youtube.com/watch?v=ykbEuTir3D8&pp=ygUQ67aI66m07KadIOydjOyVhQ%3D%3D
불면증 음악,"【마음이 편안해지는 수면음악 ASMR】잔잔한 오르골 수면음악, 수면유도음악, 스트레스해소음악, 잠잘때듣는음악, 불면증치료음악 (10시간/5분후검은화면/중간광고없음)",https://www.youtube.com/watch?v=Ay8LmUzwu04&pp=ygUQ67aI66m07KadIOydjOyVhQ%3D%3D
불면증 음악,"잠들기 전 하루를 정리하는 30분 수면음악 빗소리, 불면증치료음악, 잠잘때듣는음악, 잠잘오는음악 (Endless)",https://www.youtube.com/watch?v=hvJ_cp-j9C0&pp=ygUQ67aI66m07KadIOydjOyVhQ%3D%3D
불면증 음악,[3시간] 포근한 수면유도음악 / 불면증치료음악 / 잠잘때듣는음악 / 힐링음악 / 수면음악 /태교음악/ relaxing music sleep / Deep sleep music,https://www.youtube.com/watch?v=2t7g0ux6GYQ&pp=ygUQ67aI66m07KadIOydjOyVhQ%3D%3D
불안 해소 음악,불안장애 공황장애 스트레스 우울증 분노조절 극복 치유 필수 인코딩 에너지,https://www.youtube.com/watch?v=62fyuzX_KXU&pp=ygUU67aI7JWIIO2VtOyGjCDsnYzslYU%3D
불안 해소 음악,#강아지안정음악 심리안정 스트레스해소 분리불안 불리불안 진정 짖음방지 짖음해소,https://www.youtube.com/watch?v=C8ONub7LlhY&pp=ygUU67aI7JWIIO2VtOyGjCDsnYzslYU%3D
불안 해소 음악,"강아지 휴식음악 (12시간 연속듣기) 분리불안해소와 심리안정, 외출할때 들으면 좋은음악, 혼자있는 강아지를 위한 음악 by 도그 뮤직 테라피",https://www.youtube.com/watch?v=wEzQKt-R6i4&pp=ygUU67aI7JWIIO2VtOyGjCDsnYzslYU%3D
불안 해소 음악,"강아지 신나는 힐링음악 11시간 연속재생 / 분리불안해소, 기분업, 스트레스해소 외출시 틀어주세요! (healing music, puppy music)",https://www.youtube.com/watch?v=ynBXyF7ZgUw&pp=ygUU67aI7JWIIO2VtOyGjCDsnYzslYU%3D
불안 해소 음악,강아지 분리불안해소 음악. 외출할 때 틀어 놓으세요. 10시간 심리안정 수면유도 음악 _13,https://www.youtube.com/watch?v=8RX19wvP3NQ&pp=ygUU67aI7JWIIO2VtOyGjCDsnYzslYU%3D
수면 음악,"5시간 수면음악 ""괜찮아 모두 잘될 거야"""" 불면증음악",위로음악
수면 음악,수면유도음악 | 잠이 안 오나요? 10분 안에 재워줄게요 | 잠잘때 듣는 음악,https://www.youtube.com/watch?v=e65I79f1HrU&pp=ygUN7IiY66m0IOydjOyVhQ%3D%3D
수면 음악,"동양풍수면음악+빗소리 Relaxing Sleep Music, Meditation Music, Stress Relief Music, Deep Sleeping Music",https://www.youtube.com/watch?v=GeazPtVTJAE&pp=ygUN7IiY66m0IOydjOyVhQ%3D%3D
수면 음악,【Playlist】 지브리의 피아노 OST 모음은 제가 공부하면서들을 수있어서 좋았어요 (나우시카에서 아리에 티까지),https://www.youtube.com/watch?v=U34kLXjdw90&pp=ygUN7IiY66m0IOydjOyVhQ%3D%3D
수면 음악,"퇴근 후 밤 열한시, 잠들기 아쉬워 연주해본 감성 재즈 | Night & Jazz | 수면 카페 공부 독서 재택 코딩",https://www.youtube.com/watch?v=Sllp_eTV7Ks&pp=ygUN7IiY66m0IOydjOyVhQ%3D%3D
스트레스 해소 음악,스트레스 격파 체조 | 스트레스 안녕~ | 핑크퐁 체조 | 핑크퐁! 인기동요,https://www.youtube.com/watch?v=ZzuUmgHhbN8&pp=ygUa7Iqk7Yq466CI7IqkIO2VtOyGjCDsnYzslYU%3D
스트레스 해소 음악,"몸과 마음이 편안해지는 치유음악 하루10분 만병을 치료 해주는 힐링 명상 기치료 음악 및 영상 - 아침음악, 힐링음악, 명상음악, 스트레스해소음악",https://www.youtube.com/watch?v=UvCYPbfEGW4&pp=ygUa7Iqk7Yq466CI7IqkIO2VtOyGjCDsnYzslYU%3D
스트레스 해소 음악,세로토닌 분비를 촉진시켜 뇌와 몸이 행복해지는 행복 호르몬 명상 음악,https://www.youtube.com/watch?v=aRHtd_rcfD4&pp=ygUa7Iqk7Yq466CI7IqkIO2VtOyGjCDsnYzslYU%3D
스트레스 해소 음악,"숲속에서 듣는 힐링음악편안한 휴식음악,스트레스 해소음악,명상음악 - ""In The Woods""""""",https://www.youtube.com/watch?v=RTj5IeA432Y&pp=ygUa7Iqk7Yq466CI7IqkIO2VtOyGjCDsnYzslYU%3D
스트레스 해소 음악,"마음의 평화를 위한 명상음악 | 1시간 연속듣기, 중간광고없음 | 편안한 힐링음악, 치유음악, 스트레스 해소 음악",https://www.youtube.com/watch?v=EsL7TErAQKc&pp=ygUa7Iqk7Yq466CI7IqkIO2VtOyGjCDsnYzslYU%3D
신나는 음악,"[PLAYLIST] 한곡한곡 엄선한, 운동할 때 듣는 신나는 음악 광고없음",https://www.youtube.com/watch?v=4Yv-rNhVV8o&pp=ygUQ7Iug64KY64qUIOydjOyVhQ%3D%3D
신나는 음악,와우 신나는 통기타연주 노래 너무너무 좋아 #추억의노래 #7080 가요#기타강의,https://www.youtube.com/shorts/tMO4Dateg9U
신나는 음악,"스타벅스 매장음악 ( 중간광고없음) / Starbucks Jazz Piano Music / 카페음악, 매장음악, 라운지음악",https://www.youtube.com/watch?v=86gToHFkbiU&pp=ygUQ7Iug64KY64qUIOydjOyVhQ%3D%3D
신나는 음악,광고없는 신나는 트로트 메들리 2시간 하루 종일 들어도 좋은 노래 40곡모음 술술 넘어가는 트로트메들리,https://www.youtube.com/watch?v=mDHWCjs63x0&pp=ygUQ7Iug64KY64qUIOydjOyVhQ%3D%3D
신나는 음악,Playlistㅣ듣기만 해도 센치한 가을이 느껴지는 부드러운 감성 재즈 ㅣ스누피 재즈 힙 ㅣRelaxing Jazz Background Music,https://www.youtube.com/watch?v=p7-ndhZgrOE&pp=ygUQ7Iug64KY64qUIOydjOyVhQ%3D%3D
신나는 팝 음악,[ 𝐩𝐥𝐚𝐲𝐥𝐢𝐬𝐭 ] 공부할 때 듣는 적당히 신나는 팝송 (재업),https://www.youtube.com/watch?v=R1PMZuvX8zs&pp=ygUU7Iug64KY64qUIO2MnSDsnYzslYU%3D
신나는 팝 음악,"도입부 부터 좋은 출근준비 팝송활기찬 뉴욕 아침의 분위기Design making tutorial | 노동요, 신나는 팝송| 중간광고없음",https://www.youtube.com/watch?v=p9HjZshdjt4&pp=ygUU7Iug64KY64qUIO2MnSDsnYzslYU%3D
신나는 팝 음악,"90~2000년 초 댄스곡 모음, 90년대에서 2000년대 초반 히트했던 신나는 댄스음악 40곡 연속듣기. 기분좋을때 들으면 더욱신나는 노래, 보고듣는 소울뮤직TV",https://www.youtube.com/watch?v=a4ECAYdyjuU&pp=ygUU7Iug64KY64qUIO2MnSDsnYzslYU%3D
신나는 팝 음악,신나는 90년대 유로댄스 4탄 다같이 흔들어봅시다^^ 숨겨진 유로댄스 디스코로 스트레스 날려버려요!~댄스음악. 댄스곡 연속듣기. 댄스곡 노래모음,https://www.youtube.com/watch?v=RegKzFfUN_0&pp=ygUU7Iug64KY64qUIO2MnSDsnYzslYU%3D
신나는 팝 음악,"𝐏𝐥𝐚𝐲𝐥𝐢𝐬𝐭 제이팝 붐은 온다! 한번쯤은 들어본 유명한 J-POP 부터 숨은 명곡까지 | 요루시카, YOASOBI, 아이묭",https://www.youtube.com/watch?v=yOlBsus_Hno&pp=ygUU7Iug64KY64qUIO2MnSDsnYzslYU%3D
신나는노래,신나는노래 댄스곡 연속듣기 ♫ 90년대 댄스곡 모음 ♫ 운동할때 듣는음악 신나는노래 ♫ 광고없는 노래,https://www.youtube.com/watch?v=5tdRKPIjFvo&pp=ygUQ7Iug64KY64qUIOuFuOuemA%3D%3D
신나는노래,신나는 신나는 트로트 | KPOP [ TROT ] | PLAYLIST( 꽃길.상사화.여인의 눈물.회룡포.바람길...),https://www.youtube.com/watch?v=QlLgNoo3dGQ&pp=ygUQ7Iug64KY64qUIOuFuOuemA%3D%3D
신나는노래,광고 없는 7080 좋은노래 50곡 모음 50대이상이 들으면 기분좋아지는 7080노래모음 추억으로 떠나는 7080노래여행 - 7080 추억의 인기가요,https://www.youtube.com/watch?v=6IgZ9nlvnNk&pp=ygUQ7Iug64KY64qUIOuFuOuemA%3D%3D
신나는노래,[Playlist] 사장님 지금 이 노래 제목 뭐예요??ㅣ선곡 맛집 카페에서 들리는 BGMㅣtrendy coffee shop playlist,https://www.youtube.com/watch?v=VVc7X4lSO4w&pp=ygUQ7Iug64KY64qUIOuFuOuemA%3D%3D
신나는노래,신나는노래 ♫ 댄스곡 연속듣기 ♫ 90년대 댄스곡 모음 ♫ 운동할때 듣는음악 신나는노래 ♫ 광고없는 노래,https://www.youtube.com/watch?v=Ajwn5s7TuuI&pp=ygUQ7Iug64KY64qUIOuFuOuemA%3D%3D
아이동요,2024 핑크퐁 추석특집 | 온가족이 함께 듣는 동요 모음 | 핑크퐁 아기상어와 퐁성한 한가위 보내세요! | 추석 동요 | 가족 동요 | 핑크퐁! 인기동요,https://www.youtube.com/watch?v=kxwWS_dzBwo&pp=ygUN7JWE7J20IOuPmeyalA%3D%3D
아이동요,예쁜 아기 곰 | 어린이 베스트 동요 | 인기동요 | 주니토니 by 키즈캐슬,https://www.youtube.com/watch?v=w4VSKTjdm80&pp=ygUN7JWE7J20IOuPmeyalA%3D%3D
아이동요,저학년 아이들이 좋아하는 노래 모음집,https://www.youtube.com/watch?v=pQPdmcLfoFE&pp=ygUN7JWE7J20IOuPmeyalA%3D%3D
아이동요,"핑크퐁 뱀파이어 할로윈 동요 특집 | 오싹오싹 뱀파이어와 유령 아기 상어, 좀비 친구들! | 뱀파이어 결혼식 외 9곡 | + 모음집 | 할로윈 동요 | 핑크퐁! 인기동요",https://www.youtube.com/watch?v=u3DInkErRK8&pp=ygUN7JWE7J20IOuPmeyalA%3D%3D
아이동요,지우가 살아있는 아기 인형을 돌봐요. 인기동요 장난감 놀이 Pretend Play Baby Dolls Nursery Rhymes for kids [제이제이 튜브-JJ tube],https://www.youtube.com/watch?v=yHgqJjxCPWo&pp=ygUN7JWE7J20IOuPmeyalA%3D%3D
아이유노래,"[IU] '내 손을 잡아(Hold My Hand)' Live Clip (2019 IU Tour Concert 'Love, poem')",https://www.youtube.com/watch?v=3iM_06QeZi8&pp=ygUR7JWE7J207JygIOuFuOuemCA%3D
아이유노래,IU strawberry moon Lyrics (아이유 스트로베리 문 가사) [Color Coded Lyrics/Han/Rom/Eng],https://www.youtube.com/watch?v=BJNHoRrZw7k&pp=ygUR7JWE7J207JygIOuFuOuemCA%3D
아이유노래,[IU] '에잇(eight)' Live Clip (2022 IU Concert 'The Golden Hour : 오렌지 태양 아래'),https://www.youtube.com/watch?v=Cxzzg7L3Xgc&pp=ygUR7JWE7J207JygIOuFuOuemCA%3D
아이유노래,[믿고보는MMA] 울컥감동 주의 아이유(IU) - 이름에게 #멜론 #MELON,https://www.youtube.com/watch?v=tANNOmdIwXs&pp=ygUR7JWE7J207JygIOuFuOuemCA%3D
아이유노래,[진]『Playlist』 아이유 노래모음ㅣBest Songs of IUㅣ,https://www.youtube.com/watch?v=iBLmkmhHgAc&pp=ygUR7JWE7J207JygIOuFuOuemCA%3D
어쿠스틱 음악,[카페음악] Acoustic Pop #5 어쿠스틱 팝,https://www.youtube.com/watch?v=XDknhUmRCng&pp=ygUT7Ja07L-g7Iqk7YuxIOydjOyVhQ%3D%3D
어쿠스틱 음악,[바닐라 어쿠스틱 – ‘코발트 블루’ LIVE CLIP],https://www.youtube.com/watch?v=V2EuHK6bA5U&pp=ygUT7Ja07L-g7Iqk7YuxIOydjOyVhQ%3D%3D
어쿠스틱 음악,솔개 (어쿠스틱음악창고),https://www.youtube.com/watch?v=pEXp38bUy5s&pp=ygUT7Ja07L-g7Iqk7YuxIOydjOyVhQ%3D%3D
어쿠스틱 음악,기도 (어쿠스틱 음악창고),https://www.youtube.com/watch?v=WBnPxL2M23k&pp=ygUT7Ja07L-g7Iqk7YuxIOydjOyVhQ%3D%3D
어쿠스틱 음악,어쿠스틱 음악에 반해버린 말숙이,https://www.youtube.com/watch?v=iXIiueUIJ4Q&pp=ygUT7Ja07L-g7Iqk7YuxIOydjOyVhQ%3D%3D
외로움 위로 음악,Vitamin Music#music #relaxing #healing #study #sleeping #soul #불면증#우울증#외로움#위로,https://www.youtube.com/watch?v=dah-m949Z3c&pp=ygUX7Jm466Gc7JuAIOychOuhnCDsnYzslYU%3D
외로움 위로 음악,음악의 겨울밤 아련한 외로움,https://www.youtube.com/watch?v=X7hbYeXknqo&pp=ygUX7Jm466Gc7JuAIOychOuhnCDsnYzslYU%3D
외로움 위로 음악,[미스터리 듀엣] 마음의 평안을 주는 필순의 목소리 - 나의 외로움이 널 부를 때 (장필순),https://www.youtube.com/watch?v=FUTFRV5br44&pp=ygUX7Jm466Gc7JuAIOychOuhnCDsnYzslYU%3D
외로움 위로 음악,"""비가 외로움마저 씻겨주길..""""너에게 보내는 수면음악""",https://www.youtube.com/watch?v=gIaNXDn9OBc&pp=ygUX7Jm466Gc7JuAIOychOuhnCDsnYzslYU%3D
외로움 위로 음악,외로움을 많이 타는 당신을 위한 힐링영상,https://www.youtube.com/watch?v=vppvJYFxWCM&pp=ygUX7Jm466Gc7JuAIOychOuhnCDsnYzslYU%3D
우울할때듣는노래,이별 중 일어난 대참사,https://www.youtube.com/shorts/Ds7TGNcT81M
우울할때듣는노래,인생이 힘들 때 이영상을 보면 무조건 잘 될 겁니다,https://www.youtube.com/watch?v=rnQwJaSh69A&pp=ygUa7Jqw7Jq47ZWg65WMIOuTo-uKlCDrhbjrnpg%3D
우울할때듣는노래,지치고 힘든 당신에게 위로가 되는 드라마속 명대사,https://www.youtube.com/watch?v=6VEnTQ2rx_4&pp=ygUa7Jqw7Jq47ZWg65WMIOuTo-uKlCDrhbjrnpg%3D
우울할때듣는노래,[Playlist] INFJ가 우울할 때 듣는 노래모음 | 세상과 권태기 온 당신에게 |,https://www.youtube.com/watch?v=0F5wjL49FLM&pp=ygUa7Jqw7Jq47ZWg65WMIOuTo-uKlCDrhbjrnpg%3D
우울할때듣는노래,"𝐏𝐥𝐚𝐲𝐥𝐢𝐬𝐭 삶이 힘들고 지칠 때, 너의 위로가 되어주길 (가사 포함)",https://www.youtube.com/watch?v=9xRxUk37uoY&pp=ygUa7Jqw7Jq47ZWg65WMIOuTo-uKlCDrhbjrnpg%3D
위로되는 노래,𝑷𝒍𝒂𝒚𝒍𝒊𝒔𝒕ㅣ할 수 있다 !동기부여 200% 노래모음ㅣ수능 전 듣는 노래 플레이리스트ㅣK pop playlist 광고없음,https://www.youtube.com/watch?v=ScSrocMZICQ&pp=ygUT7JyE66Gc65CY64qUIOuFuOuemA%3D%3D
위로되는 노래,[애절한 발라드 명곡 20곡] 지친 마음을 위로하는 노래,https://www.youtube.com/watch?v=Bc62Au5qhXI&pp=ygUT7JyE66Gc65CY64qUIOuFuOuemA%3D%3D
위로되는 노래,힘들 때 위로 되는 노래 노라조-형 cover. 정명규,https://www.youtube.com/watch?v=lqoxA9cmSx8&pp=ygUT7JyE66Gc65CY64qUIOuFuOuemA%3D%3D
위로되는 노래,"the praise of life위로되는노래 , 힘이나는노래 ""인생예찬""""""",https://www.youtube.com/watch?v=JMMZytAJjMw&pp=ygUT7JyE66Gc65CY64qUIOuFuOuemA%3D%3D
위로되는 노래,"임영웅 콘서트 18곡을 광고없이듣기 임영웅 마음의 위로가 되는 노래모음~미운사랑, 사랑이이런건가요, 바램, 노래는나의인생, 별빛 같은 나의 사랑아, 곰배령, 계단 말고 엘리베이터",https://www.youtube.com/watch?v=50mFWmPkQGQ&pp=ygUT7JyE66Gc65CY64qUIOuFuOuemA%3D%3D
위로되는 발라드,힘들고 지칠때 위로가 되어주는 노래2탄,https://www.youtube.com/watch?v=41kxZ_v3Wo0&pp=ygUW7JyE66Gc65CY64qUIOuwnOudvOuTnA%3D%3D
위로되는 발라드,첫 소절부터 눈물 펑펑… 이소라x정승환의 ′나를 사랑하지 않는 그대에게′♪ 〈비긴어게인 코리아(beginagainkorea)〉 2회,https://www.youtube.com/watch?v=qLwFMKFyRls&pp=ygUW7JyE66Gc65CY64qUIOuwnOudvOuTnA%3D%3D
위로되는 발라드,양희은(Yang HeeEun) X 악동뮤지션(AKMU) - 엄마가 딸에게(Mother to daughter) | 판타스틱 듀오2 (Fantastic Duo2) | SBS ENTER,https://www.youtube.com/watch?v=MPzbTJN5wVc&pp=ygUW7JyE66Gc65CY64qUIOuwnOudvOuTnA%3D%3D
위로되는 발라드,"발라드 명곡 BEST TOP 100 베스트 발라드 모음 양파 지친 마음을 위로하는 노래 김필,양파, 이승기,왁스,김범수,소울스타,원티드,숙희,린,민경훈,문명진,루다,더씨야",https://www.youtube.com/watch?v=bnQNGC7Gxc4&pp=ygUW7JyE66Gc65CY64qUIOuwnOudvOuTnA%3D%3D
위로되는 발라드,"첫소절만 들어도 눈물샘 폭발하는 슬픈 노래모음 ♪들으면 눈물나는 발라드 명곡추천 양파, 이승기,왁스,김범수,소울스타,원티드,숙희,린,민경훈,문명진,루다,더씨야,윤건,디셈버",https://www.youtube.com/watch?v=iyk11GgpCrc&pp=ygUW7JyE66Gc65CY64qUIOuwnOudvOuTnA%3D%3D
지루함 해소 음악,깊은 안정을 돕는 릴렉스음악 °• 잔잔하고 평온한 시간,https://www.youtube.com/watch?v=quUl8dlKA8E&pp=ygUX7KeA66Oo7ZWoIO2VtOyGjCDsnYzslYU%3D
지루함 해소 음악,"편안한 휴식시간, 스르르 잠이 들어요｜강아지가 좋아하는 음악강아지 수면음악｜분리불안치료, 심신안정음악, 스트레스해소 음악 12시간 연속듣기",https://www.youtube.com/watch?v=IuFR1UpCayY&pp=ygUX7KeA66Oo7ZWoIO2VtOyGjCDsnYzslYU%3D
지루함 해소 음악,"고양이가 좋아하는 음악 24시간 • 고양이 편안한 음악, 고양이의 불안 감소 • 고양이의 수면을 돕는 음악",https://www.youtube.com/watch?v=C-BJOpjxQHE&pp=ygUX7KeA66Oo7ZWoIO2VtOyGjCDsnYzslYU%3D
지루함 해소 음악,[360 VR] 노래 연습이 지루할 때는 시간을 구분해서! [아바타 보컬 트레이닝] 황요정님 5화,https://www.youtube.com/watch?v=1m7HBOss22E&pp=ygUX7KeA66Oo7ZWoIO2VtOyGjCDsnYzslYU%3D
지루함 해소 음악,"𝗣𝗹𝗮𝘆𝗹𝗶𝘀𝘁 │ 우울은 수용성, 반신욕하며 듣는 재즈 모음",https://www.youtube.com/watch?v=wllCT1HcAhM&pp=ygUX7KeA66Oo7ZWoIO2VtOyGjCDsnYzslYU%3D
진정 음악,화내는 우리아이 진정시키는 잔잔한 음악 부드러운 성격을위한 힐링음악 [healing music],https://www.youtube.com/watch?v=RVvafqj-q94&pp=ygUN7KeE7KCVIOydjOyVhQ%3D%3D
진정 음악,"잠에 들며 공황장애, 불안장애의 치유를 돕는 수면 명상가이드, 하루 1번씩 들으며 공황장애, 불안증 극복하는 훈련! [BSM Level 2 - 정서 안정 및 잠재의식 치유]",https://www.youtube.com/watch?v=zAIZpNbYytI&pp=ygUN7KeE7KCVIOydjOyVhQ%3D%3D
진정 음악,"[𝐩𝐥𝐚𝐲𝐥𝐢𝐬𝐭] 중간광고없음 ┃ 연속재생 ┃ 힐링음악, 진정음악, 명상음악, 휴식음악, 요가음악, 편안한음악",https://www.youtube.com/watch?v=th6QDz9N17o&pp=ygUN7KeE7KCVIOydjOyVhQ%3D%3D
진정 음악,[#미스트롯3] 나영의 매력적인 중저음 뽐내는 무대! 뽕미닛 '진정인가요'♪ #TVCHOSUNMUSIC (TV CHOSUN 240201 방송),https://www.youtube.com/watch?v=rlH5Yip9s10&pp=ygUN7KeE7KCVIOydjOyVhQ%3D%3D
진정 음악,"3 시간 수면 진정 음악 편안한 피아노 음악, 스트레스 해소 음악, 불면증 | 힘들고 지친 마음을 달래주는 따뜻한 피아노 소품집",https://www.youtube.com/watch?v=cyyu5NW-muk&pp=ygUN7KeE7KCVIOydjOyVhQ%3D%3D
차분한 선율 음악,요가할때 틀어두기 좋은 피아노 모음 •° 부드럽고 잔잔한 선율,https://www.youtube.com/watch?v=Fib9toeSFeM&pp=ygUX7LCo67aE7ZWcIOyEoOycqCDsnYzslYU%3D
차분한 선율 음악,"Windy Day' 당신의 편안한 마음을 위한 힐링음악휴식음악,스트레스 해소음악,명상음악 - by@Green Whale",https://www.youtube.com/watch?v=8kU9VlFtcxE&pp=ygUX7LCo67aE7ZWcIOyEoOycqCDsnYzslYU%3D
차분한 선율 음악,힐링 동요 피아노 연주음악 모음 1 I 감미로운 감성 피아노 연주곡,https://www.youtube.com/watch?v=kFeHi1-LkIk&pp=ygUX7LCo67aE7ZWcIOyEoOycqCDsnYzslYU%3D
차분한 선율 음악,피아노 선율에 마음이 차분해지는 음악...(Music that calms the mind with piano melodies),https://www.youtube.com/watch?v=LTnBlCiDyH0&pp=ygUX7LCo67aE7ZWcIOyEoOycqCDsnYzslYU%3D
차분한 선율 음악,"피아노 선율 커피타임-빗소리와 카페 음악 힐링 음악,마음이 편안해지는 음악",https://www.youtube.com/watch?v=5v250CM5LZA&pp=ygUX7LCo67aE7ZWcIOyEoOycqCDsnYzslYU%3D
차분한 음악,"(playlist) 내겐 너무 다정한 우울에게, 가사없는 음악",https://www.youtube.com/watch?v=ss6ud0Di8pI&pp=ygUQ7LCo67aE7ZWcIOydjOyVhQ%3D%3D
차분한 음악,움직임을 깨우는 스트레칭 음악 •° 부드러운 이완 °• 차분히 움직여 보세요,https://www.youtube.com/watch?v=Gh2DWzVH_EE&pp=ygUQ7LCo67aE7ZWcIOydjOyVhQ%3D%3D
차분한 음악,"CLASSICAL MUSIC [쇼팽, 리스트, 드뷔시, 베토벤, 모차르트] 힐링클래식 | 귀에 익은 피아노 명곡 | 첫곡부터 가슴 적시는 동화감성 명곡 클래식 피아노 모음",https://www.youtube.com/watch?v=xu9_eEimWDU&pp=ygUQ7LCo67aE7ZWcIOydjOyVhQ%3D%3D
차분한 음악,Misty ♫ 차분한 음악 ♫ 재즈 피아노 ♫ 밤에 듣기 좋은 음악 ♫ Jazz Piano ♫,https://www.youtube.com/watch?v=QbHAUMu_EjY&pp=ygUQ7LCo67aE7ZWcIOydjOyVhQ%3D%3D
차분한 음악,[Deep Ocean]매우 화났을 때 들으면 가라앉는 차분한 음악,https://www.youtube.com/watch?v=o9tOBauB27A&pp=ygUQ7LCo67aE7ZWcIOydjOyVhQ%3D%3D
차분한 재즈,기분전환 되는 차분한 재즈 (❁´◡`❁) | Do you want to listen to calm jazz?,https://www.youtube.com/watch?v=Zcg3xsNQjVE&pp=ygUQ7LCo67aE7ZWcIOyerOymiA%3D%3D
차분한 재즈,아름답고 편안한 음악 크리스마스와 겨울을 위한 차분한 재즈 음악,https://www.youtube.com/watch?v=kxG9TyTwMgU&pp=ygUQ7LCo67aE7ZWcIOyerOymiA%3D%3D
차분한 재즈,"{광고없는 차분한 재즈피아노 8시간}Rainy Day Coffee Shop Ambience Background Instrumental to Relax, Study, Work",https://www.youtube.com/watch?v=kkEOIFaEzpE&pp=ygUQ7LCo67aE7ZWcIOyerOymiA%3D%3D
차분한 재즈,"[ JAZZ & BEER ] 퇴근 후 즐기는 차분한 재즈에 맥주 한잔, 오늘도 수고했어요 / After work, a beer with jazz music",https://www.youtube.com/watch?v=kgvIQ4XfQgY&pp=ygUQ7LCo67aE7ZWcIOyerOymiA%3D%3D
차분한 재즈,Tempo 130 | 저작권 없는 음악 | No Copyright Music | 차분,https://www.youtube.com/watch?v=KgNNFPsPS10&pp=ygUQ7LCo67aE7ZWcIOyerOymiA%3D%3D
차분한 피아노 음악,집중과 편안함에 도움을 주는 피아노 연주 ⎮ 중간광고없음 ⎮ 집중 공부 힐링 휴식 감성 명상 태교음악 카페음악,https://www.youtube.com/watch?v=Q-iEfzaikBI&pp=ygUa7LCo67aE7ZWcIO2UvOyVhOuFuCDsnYzslYU%3D
차분한 피아노 음악,"늦은 밤, 차분하게 듣는 따뜻한 피아노연주곡",https://www.youtube.com/watch?v=YKuDe271Wwc&pp=ygUa7LCo67aE7ZWcIO2UvOyVhOuFuCDsnYzslYU%3D
차분한 피아노 음악,"늦은 밤 도서관에서 혼자 듣는 바흐 피아노 | 집중, 휴식, 수면을 위한 ASMR | 클래식 음악 스페셜",https://www.youtube.com/watch?v=ZW6rstVdfFw&pp=ygUa7LCo67aE7ZWcIO2UvOyVhOuFuCDsnYzslYU%3D
차분한 피아노 음악,집중할 시간에 듣기 좋은 차분한 피아노 음악 - 공부를 위한 편안한 피아노 음악,https://www.youtube.com/watch?v=kLqL4fOUSSg&pp=ygUa7LCo67aE7ZWcIO2UvOyVhOuFuCDsnYzslYU%3D
차분한 피아노 음악,음악으로 읽는 책 독서할 때 듣기 좋은 차분한 피아노 음악 말하는 물고기#피아노 #재즈,https://www.youtube.com/watch?v=7nBP7MEgqf0&pp=ygUa7LCo67aE7ZWcIO2UvOyVhOuFuCDsnYzslYU%3D
청소노래,"[엉클지니] 청소할때 들으면 괜히 기분 좋아지는 노래 - 기분좋은노래연속듣기, 노래연속듣기. 음악연속듣기",https://www.youtube.com/watch?v=dPfrNHpUQFc&pp=ygUa7LKt7IaM7ZWg65WMIOuTo-uKlCDrhbjrnpg%3D
청소노래,[Playlist] 매일이 주말이라면 좋겠어 | 포근포근 이불 속에서 듣는 감성 팝 | warm & cozy pop songs,https://www.youtube.com/watch?v=PrqwxkBB0DA&pp=ygUa7LKt7IaM7ZWg65WMIOuTo-uKlCDrhbjrnpg%3D
청소노래,[Music] 청소할 때 듣는 신나는 음악 │새해맞이 청소 음악 │Cleaning music,https://www.youtube.com/watch?v=7_E0JiaTZtc&pp=ygUa7LKt7IaM7ZWg65WMIOuTo-uKlCDrhbjrnpg%3D
청소노래,[청소할때 듣기좋은 신나는 음악] Nice Day | 빨래 탈탈 털어 널어볼까요?,https://www.youtube.com/watch?v=_ZO4IbibaTk&pp=ygUa7LKt7IaM7ZWg65WMIOuTo-uKlCDrhbjrnpg%3D
청소노래,[1분 꿀팁] 청소할 때 함께 하면 좋은 요가 동작 #요가 #스트레칭 #shorts,https://www.youtube.com/shorts/KIsTHagg6u4
초조 해소 음악,불안하고 생각이 많을때 “생각비우기” 명상,https://www.youtube.com/watch?v=2baZkHt_Pi8&pp=ygUU7LSI7KGwIO2VtOyGjCDsnYzslYU%3D
초조 해소 음악,"마음이 편안해지는 힐링음악숲 속 휴식음악,모닥불 소리,스트레스 해소음악,명상음악 - ""With Coffee""""""",https://www.youtube.com/watch?v=ZQWrleq-NhQ&pp=ygUU7LSI7KGwIO2VtOyGjCDsnYzslYU%3D
초조 해소 음악,[진푸티 종사 힐링 시리즈 | 모든 것이 가상이다] #건강명상음악 #피로회복 #통증감소 #싱잉볼 #힐링음악,https://www.youtube.com/watch?v=mRCfSdrQ3jw&pp=ygUU7LSI7KGwIO2VtOyGjCDsnYzslYU%3D
초조 해소 음악,추억의 엠씨스퀘어 P6 숙면유도 불안 긴장 초조 완화,https://www.youtube.com/watch?v=Aw5S_Idbzt0&pp=ygUU7LSI7KGwIO2VtOyGjCDsnYzslYU%3D
초조 해소 음악,힐링 음악 & 영상ㅣ강아지 분리불안 뚝 ! 마음을 진정시키는 무념무상 영상 추천-뉴에이지 연속재생-멍상의 시간,https://www.youtube.com/watch?v=dPraEnv3gHU&pp=ygUU7LSI7KGwIO2VtOyGjCDsnYzslYU%3D
편안한 수면 소리,자는 내내 편안한 아기 수면음악 12시간 통잠을 위한 자장 멜로디,https://www.youtube.com/watch?v=5nibKtl-QvI&pp=ygUX7Y647JWI7ZWcIOyImOuptCDshozrpqw%3D
편안한 수면 소리,밤의 비오는 소리 - 편안한 수면 및 명상을 위한 자연의 소리 #비오는소리 #수면음악 #명상음악 #자연의소리 #편안한소리 #집중음악 #공부음악 #ASMR #힐링음악,https://www.youtube.com/watch?v=0J6u2q9KKPE&pp=ygUX7Y647JWI7ZWcIOyImOuptCDshozrpqw%3D
편안한 수면 소리,"오늘도 숙면하기 - 저음 델타파, 수면유도 뇌파소리, 편안한 빗소리",https://www.youtube.com/watch?v=8dX4bvKejP8&pp=ygUX7Y647JWI7ZWcIOyImOuptCDshozrpqw%3D
편안한 수면 소리,"자연 소리, 편안한 수면 음악을위한 음악",https://www.youtube.com/watch?v=Gyrr5uAjmGU&pp=ygUX7Y647JWI7ZWcIOyImOuptCDshozrpqw%3D
편안한 수면 소리,잔잔한수면음악+풀벌레소리 Relaxing Sleep Music / 편안한음악 힐링음악 중간광고없는음악 치유음악,https://www.youtube.com/watch?v=6YyzoZ1M5gY&pp=ygUX7Y647JWI7ZWcIOyImOuptCDshozrpqw%3D
편안한 음악,하루종일 들어도 편안한 피아노 연주 모음[Relaxing Piano],https://www.youtube.com/watch?v=jhLSihtEYhs&pp=ygUQ7Y647JWI7ZWcIOydjOyVhQ%3D%3D
편안한 음악,집중과 편안함에 도움을 주는 피아노 연주 ⎮ 중간광고없음 ⎮ 집중 공부 힐링 휴식 감성 명상 태교음악 카페음악,https://www.youtube.com/watch?v=Q-iEfzaikBI&pp=ygUQ7Y647JWI7ZWcIOydjOyVhQ%3D%3D
편안한 음악,12시간 불안 해소용 강아지 음악: 강아지를 위한 편안한 음악 및 강아지를 위한 빠른 지루함 해소 영상,https://www.youtube.com/watch?v=hFJSphB7WQc&pp=ygUQ7Y647JWI7ZWcIOydjOyVhQ%3D%3D
편안한 음악,아름다운 바이올린 연주곡모음 - 마음이 편안해지는 바이올린 연주곡 듣기,https://www.youtube.com/watch?v=P_Z4BtpK_Zw&pp=ygUQ7Y647JWI7ZWcIOydjOyVhQ%3D%3D
편안한 음악,너의 마음을 들어줄 따뜻한 음악과 빗소리 ⎮ 중간광고없음 ⎮ 백색소음 집중 공부 힐링 휴식 감성 명상 태교음악 카페음악,https://www.youtube.com/watch?v=FQptvSkz5Sc&pp=ygUQ7Y647JWI7ZWcIOydjOyVhQ%3D%3D
편안한 클래식 음악,[자장가클래식모음 1시간연속] 피아노 자장가 슈베르트 모짜르트 자장가 풀벌레소리 바람소리 ♬숙면유도♬수면음악 연속듣기 ♫ 자장가노래 ♫ 수면유도음악,https://www.youtube.com/watch?v=LmxBwGqCn2g&pp=ygUa7Y647JWI7ZWcIO2BtOuemOyLnSDsnYzslYU%3D
편안한 클래식 음악,"[중간광고없는피아노10시간]마음이 편안해지는 올드팝명곡 모음 (집중,힐링,공부,카페,병원,매장 음악)",https://www.youtube.com/watch?v=oa_FokOCi7w&pp=ygUa7Y647JWI7ZWcIO2BtOuemOyLnSDsnYzslYU%3D
편안한 클래식 음악,가을에 듣기 좋은 세미클래식모음 BEST 편안한 음악클래식 음악 Relaxing Music,https://www.youtube.com/watch?v=0NvISJzbrjE&pp=ygUa7Y647JWI7ZWcIO2BtOuemOyLnSDsnYzslYU%3D
편안한 클래식 음악,"10시간 따듯한 수면음악 + 풀벌레소리 마음이 편안해지는 음악, 불면증치료음악, 잠잘오는음악, 수면유도음악 (Nostalgia)",https://www.youtube.com/watch?v=nfLLJdMnzQs&pp=ygUa7Y647JWI7ZWcIO2BtOuemOyLnSDsnYzslYU%3D
편안한 클래식 음악,[ 편안한 음악 ] 상쾌한 아침에 듣기 좋은 클래식 l 한국인이 좋아하는 명곡 ☞ 바흐 피아노 협주곡 1번 BWV 1052 3악장,https://www.youtube.com/shorts/UeU94wXmrL4
편안한 휴식 음악,부드럽게 듣기 좋은 행복음악 모음 입춘을 반기는 온화한 멜로디,https://www.youtube.com/watch?v=VAoR8bL04qA&pp=ygUX7Y647JWI7ZWcIO2ctOyLnSDsnYzslYU%3D
편안한 휴식 음악,"[광고없음][NO ADS] 마음 편안하게 하는 최고의 클래식 명곡 모음 BEST Classical Music List for healing | 모차르트,베토벤,바흐,엘가,비제",https://www.youtube.com/watch?v=kjRppNVMKas&pp=ygUX7Y647JWI7ZWcIO2ctOyLnSDsnYzslYU%3D
편안한 휴식 음악,카페 분위기에 어울리는 세련된 재즈 피아노 | 편안한 휴식을 위한 라운지 배경음악 모음,https://www.youtube.com/watch?v=SkZ1lDuTUQk&pp=ygUX7Y647JWI7ZWcIO2ctOyLnSDsnYzslYU%3D
편안한 휴식 음악,"마음의 쉼과 휴식, 수면을 유도하는 편안한 음악.",https://www.youtube.com/watch?v=pJBSPC4_YuM&pp=ygUX7Y647JWI7ZWcIO2ctOyLnSDsnYzslYU%3D
편안한 휴식 음악,"편안한 휴식을 위한 자연의소리, 백색소음 l 빗소리 + 피아노 멜로디 2시간",https://www.youtube.com/watch?v=Ef_n-Np2Fq8&pp=ygUX7Y647JWI7ZWcIO2ctOyLnSDsnYzslYU%3D
편안해지는 클래식,[클읽] 무광고 클래식 힐링클래식 제1탄 11곡 55분(2번째 재업로드) 클읽 베토벤 모차르트 멘델스존 비발디 바하 쇼팽 슈만 엘가 리스트. 화질 720이상추천! 클래식명곡,https://www.youtube.com/watch?v=V0TCrCL2CRg&pp=ygUZ7Y647JWI7ZW07KeA64qUIO2BtOuemOyLnQ%3D%3D
편안해지는 클래식,"[Classical Music] 하루 시작과 끝, 마음 편안해지는 클래식 음악",https://www.youtube.com/watch?v=_YciQ4ZYzR4&pp=ygUZ7Y647JWI7ZW07KeA64qUIO2BtOuemOyLnQ%3D%3D
편안해지는 클래식,"음악과 배경이 너무 아름답네요! 영상의 노래 듣고 힐링되면서 피로가 조금씩 풀리고 힐링음악, 명상음악, 편안한음악, 스트레스해소음악",https://www.youtube.com/watch?v=rHbpPFPVsz0&pp=ygUZ7Y647JWI7ZW07KeA64qUIO2BtOuemOyLnQ%3D%3D
편안해지는 클래식,마음이 편안해지는 바이올린 연주곡 듣기 - 클래식 명곡 한국인이 좋아하는 명곡 바이올린 연주 - 최고의 클래식 바이올린 작품,https://www.youtube.com/watch?v=NUNSjX7o1cY&pp=ygUZ7Y647JWI7ZW07KeA64qUIO2BtOuemOyLnQ%3D%3D
편안해지는 클래식,"마음이 편안해지는 클래식, 집중력 향상｜music that brings a sense of tranquility｜安らぎを感じさせるクラシック｜让人感到宁静的古典音乐""입니다.""",https://www.youtube.com/watch?v=UFi0cWBN994&pp=ygUZ7Y647JWI7ZW07KeA64qUIO2BtOuemOyLnQ%3D%3D
피로 해소 음악,"휴식,지칠때,육아 피로,해소 음악1",https://www.youtube.com/watch?v=sL0cIk-ruyo&pp=ygUU7ZS866GcIO2VtOyGjCDsnYzslYU%3D
피로 해소 음악,세타웨이브│피로회복 음악│마음이 편안해지는 음악│마음정화음악,https://www.youtube.com/watch?v=8I7vX_-zOws&pp=ygUU7ZS866GcIO2VtOyGjCDsnYzslYU%3D
피로 해소 음악,"지친 하루의 피로를 풀어주는 10시간 수면 음악 | 잠 잘 때 듣는 수면 유도 음악, 스트레스 해소 음악, 불면증 치료 음악 2024.08.12",https://www.youtube.com/watch?v=-SitzbE6ofc&pp=ygUU7ZS866GcIO2VtOyGjCDsnYzslYU%3D
피로 해소 음악,"10시간 편안한 수면유도음악 + 풀벌레소리 힐링음악, 수면음악, 스트레스해소음악 (Relax Tree)",https://www.youtube.com/watch?v=3_rocwY-sPs&pp=ygUU7ZS866GcIO2VtOyGjCDsnYzslYU%3D
피로 해소 음악,"[healing]스트레스 피로 불면증 부정적인 감정을 해소하는 힐링 음악잔잔한 피아노 음악 모음, 공부 음악,편안한 음악/Natural healing music",https://www.youtube.com/watch?v=3VO3HEsUDJ0&pp=ygUU7ZS866GcIO2VtOyGjCDsnYzslYU%3D
피로가 풀리는 음악,에너지 및 혈액 순환 | 근육과 신경의 릴렉스 | 스트레스 완화 | 힐링 효과 | 수면 개선 |,https://www.youtube.com/watch?v=zBuUbltZ3ys&pp=ygUa7ZS866Gc6rCAIO2SgOumrOuKlCDsnYzslYU%3D
피로가 풀리는 음악,"밝은 아침을 위한 힐링음악 3시간 아침명상음악, 요가음악, 명상음악, 스트레스해소음악 (Lyla)",https://www.youtube.com/watch?v=HmLdWMG6q7w&pp=ygUa7ZS866Gc6rCAIO2SgOumrOuKlCDsnYzslYU%3D
피로가 풀리는 음악,"마음의 안정을 위한 수면음악 | 불안함과 걱정, 스트레스 해소음악, 명상음악",https://www.youtube.com/watch?v=7IPaQoQyvRc&pp=ygUa7ZS866Gc6rCAIO2SgOumrOuKlCDsnYzslYU%3D
피로가 풀리는 음악,"피로가 풀리는 따뜻한 곳에서 온전히 나만을 위한 시간 가지기 10시간 힐링음악, 긴장이완음악,명상음악,스트레스해소 nCqNWSOHg4g",https://www.youtube.com/watch?v=y_0sW5KkvAc&pp=ygUa7ZS866Gc6rCAIO2SgOumrOuKlCDsnYzslYU%3D
피로가 풀리는 음악,정목스님 돌아가는길,https://www.youtube.com/watch?v=Pl34nUtJFyA&pp=ygUa7ZS866Gc6rCAIO2SgOumrOuKlCDsnYzslYU%3D
혼란 해소 음악,"(playlist) 마음이 죽은 사람들에게, 가사없는 음악",https://www.youtube.com/watch?v=ywEFK_jbiko&pp=ygUU7Zi8656AIO2VtOyGjCDsnYzslYU%3D
혼란 해소 음악,"""네 옆에 있어줄게","잘자!"""" 마음을 위로하는 수면음악 - Hug you.."""
혼란 해소 음악,평온한 휴식음악 #힐링음악 #불면증에좋은음악 #불면증해소 #휴식음악,https://www.youtube.com/watch?v=S00bJqR3AQQ&pp=ygUU7Zi8656AIO2VtOyGjCDsnYzslYU%3D
혼란 해소 음악,항상 바뀌어 매일,https://www.youtube.com/watch?v=AmxHhvLx2F8&pp=ygUU7Zi8656AIO2VtOyGjCDsnYzslYU%3D
혼란 해소 음악,"나른한 꿈속 여행공부할 때, 잠잘 때 듣기 좋은 피아노 음악, 바람소리 ASMR",https://www.youtube.com/watch?v=Im-f03hn-C8&pp=ygUU7Zi8656AIO2VtOyGjCDsnYzslYU%3D
화 진정 음악,행운을 끌어오는 신비한 명상음악 하루10분 만병을 치료 해주는 힐링 명상 기치료 음악 및 영상 - 아침명상음악 - 아침음악 - 힐링음악 - 명상음악,https://www.youtube.com/watch?v=MBl1xhQXw6I&pp=ygUR7ZmUIOynhOyglSDsnYzslYU%3D
화 진정 음악,"양지은, 찔레꽃 (백난아) | THE 트롯SHOW 220910",https://www.youtube.com/watch?v=j_uyu4rTuaY&pp=ygUR7ZmUIOynhOyglSDsnYzslYU%3D
화 진정 음악,【클린버전】 임영웅 - 진정인가요 뽕숭아학당 5화,https://www.youtube.com/watch?v=CjwegAeZleU&pp=ygUR7ZmUIOynhOyglSDsnYzslYU%3D
화 진정 음악,【클린버전】 이찬원 & 임영웅 - 진정인가요 사랑의 콜센타 7화,https://www.youtube.com/watch?v=uga23Bt_jS0&pp=ygUR7ZmUIOynhOyglSDsnYzslYU%3D
화 진정 음악,내 진정 사모하는 I have found a friend in Jesus,https://www.youtube.com/watch?v=qxs9r1Ocvl8&pp=ygUR7ZmUIOynhOyglSDsnYzslYU%3D
활력 넘치는 음악,"[Playlist] 일할 때 딱 좋은 , 적당히 리듬감 있는 신나는 노래들",https://www.youtube.com/watch?v=oyUq8DH9Efk&pp=ygUX7Zmc66ClIOuEmOy5mOuKlCDsnYzslYU%3D
활력 넘치는 음악,아침의 기쁨을 담은 활력 넘치는 피아노 음악 - Positive Morning | Scenery World,https://www.youtube.com/watch?v=R6dTkp6MBRU&pp=ygUX7Zmc66ClIOuEmOy5mOuKlCDsnYzslYU%3D
활력 넘치는 음악,조용한 활력이 넘치는 스파 데이 사운드,https://www.youtube.com/watch?v=WEVOn7Kiqas&pp=ygUX7Zmc66ClIOuEmOy5mOuKlCDsnYzslYU%3D
활력 넘치는 음악,의성군 활력넘치는 행복의성을 위한 관광지 활성화 버스킹 (남대천 음악분수무대),https://www.youtube.com/watch?v=a4tZPQ8lbJM&pp=ygUX7Zmc66ClIOuEmOy5mOuKlCDsnYzslYU%3D
활력 넘치는 음악,마음을 달래주는 활력이 넘치는 스파 데이의 추억,https://www.youtube.com/watch?v=P72icApIDek&pp=ygUX7Zmc66ClIOuEmOy5mOuKlCDsnYzslYU%3D
휴식 음악,"마음이 편안해지는 힐링음악 숲 속 휴식음악, 스트레스해소음악, 아침명상음악, 요가음악 + 빗소리, 머리가 맑아지는 음악 잠잘때듣는음악, 마음이 편안해지는 음악, 수면유도음악",https://www.youtube.com/watch?v=JaL7lrwk0Kc&pp=ygUN7Zy07IudIOydjOyVhQ%3D%3D
휴식 음악,"달콤한 위로. 당 충전. 여름 에너지 . 조용한 응원. 15분 휴식음악/ sweetness. sweet comfort food , music",https://www.youtube.com/watch?v=YVR0iNR_FaE&pp=ygUN7Zy07IudIOydjOyVhQ%3D%3D
휴식 음악,평온한 감정과 음악감상으로 잠들다 #휴식음악 #힐링음악 #편안한수면음악 #불면증해소,https://www.youtube.com/watch?v=Ys-RXOaRJ-Q&pp=ygUN7Zy07IudIOydjOyVhQ%3D%3D
휴식 음악,휴식음악2020814,https://www.youtube.com/watch?v=ueU5lJIAQ2M&pp=ygUN7Zy07IudIOydjOyVhQ%3D%3D
휴식 음악,"휴식이 필요할 땐 리틀포레스트, 행복한 노래 [Playlist]",https://www.youtube.com/watch?v=oXXG_K2q2Hk&pp=ygUN7Zy07IudIOydjOyVhQ%3D%3D
흥겨운 댄스 음악,신나는노래 광고없는노래모음 - 90년대 히트곡 댄스곡모음 - 2000년대 히트곡 댄스모음 신나는노래 광고없는노래모음 신나는 90년대 히트곡 댄스가요,https://www.youtube.com/watch?v=_11Sy_kDuZs&pp=ygUX7Z2l6rKo7Jq0IOuMhOyKpCDsnYzslYU%3D
흥겨운 댄스 음악,"댄스곡 노래모음 - 누구나 좋아 하는 신나는 댄스 댄스 곡 - 광고없는 90년대 댄스곡 아파요 , 두번째 트릭 , 바꿔 , 바다새 , 비몽 , 오늘 밤에 , 철없던 사랑",https://www.youtube.com/watch?v=_qicxxZXO3c&pp=ygUX7Z2l6rKo7Jq0IOuMhOyKpCDsnYzslYU%3D
흥겨운 댄스 음악,"댄스곡 노래모음 90~2000년대에 히트했던 신나는 댄스음악 40곡광고ㅣ없는 90년대 댄스곡 | 하이디 - 진이/검은 고양이 네로- 터/자자, 버스 안에서/장윤정 - 사랑아",https://www.youtube.com/watch?v=bxfFQQoLl5I&pp=ygUX7Z2l6rKo7Jq0IOuMhOyKpCDsnYzslYU%3D
흥겨운 댄스 음악,90~2000년 초 댄스곡 모음 90년대에서 2000년대 초반 히트했던 신나는 댄스음악 30곡 연속듣기 기분좋을때 들으면 더욱신나는 노래음,https://www.youtube.com/watch?v=AvNg38Bmem4&pp=ygUX7Z2l6rKo7Jq0IOuMhOyKpCDsnYzslYU%3D
흥겨운 댄스 음악,[BGM] 신나는 댄스 브금 | 프로듀스101 | HYP - Produce101,https://www.youtube.com/watch?v=tavXonOHlOM&pp=ygUX7Z2l6rKo7Jq0IOuMhOyKpCDsnYzslYU%3D
힐링되는 노래,기분 좋은 하루의 시작!따뜻한 봄 햇살같은 피아노 소품집 10시간모음,https://www.youtube.com/watch?v=jR9m2pir2VM&pp=ygUT7Z6Q66eB65CY64qUIOuFuOuemA%3D%3D
힐링되는 노래,(가사) 언제들어도 힐링 되는 노래 이소라 바람이분다 harmonica cover by L.sh 이승희 하모니카 key G,https://www.youtube.com/watch?v=g71VVseYx7c&pp=ygUT7Z6Q66eB65CY64qUIOuFuOuemA%3D%3D
힐링되는 노래,2022_힐링이되는 노래,https://www.youtube.com/watch?v=un1gwOdN0KY&pp=ygUT7Z6Q66eB65CY64qUIOuFuOuemA%3D%3D
힐링되는 노래,힐링되는 노래 불러봤어요 김동률 - 출발 (그레씨 커버),https://www.youtube.com/watch?v=UjFRE7NfJlo&pp=ygUT7Z6Q66eB65CY64qUIOuFuOuemA%3D%3D
힐링되는 노래,"[Playlist] 일할 때 딱 좋은 , 적당히 리듬감 있는 신나는 노래들",https://www.youtube.com/watch?v=oyUq8DH9Efk&pp=ygUT7Z6Q66eB65CY64qUIOuFuOuemA%3D%3D